SID,Type,Hostname,IP,Env
S4X,,gcis4xaix01,,SBX-PRI
H4X,,gcih4xhnx01,,SBX-PRI
CCX,,gciccxcsx01,,SBX-PRI
OCX,,gciocxhnx01,,SBX-PRI
EMX,,gciemxaix01,,SBX-PRI
CMX,,gcicmxpcx01,,SBX-PRI
S4D,,gcis4daid01,,DEV-PRI
H4D,,gcih4dhnd01,,DEV-PRI
CCD,,gciccdcsd01,,DEV-PRI
OCD,,gciocdhnd01,,DEV-PRI
LTD,,gciltdaid01,,DEV-PRI
SUD,,gcisudhnd01,,DEV-PRI
EMD,,gciemdaid01,,DEV-PRI
GRD,,gcigrdaid01,,DEV-PRI
ASD,,gciasdaid01,,DEV-PRI
CMD,,gcicmdpcd01,,DEV-PRI
CMD,,gcicmdecd01,,DEV-PRI
WDD,,gciwddaid01,,DEV-PRI
CPD,,gcicpdaid01,,DEV-PRI
HPD,,gcihpdhnd01,,DEV-PRI
S4Q,,gcis4qaiq01,,QAS-PRI
S4Q,,gcis4qaiq02,,QAS-PRI
H4Q,,gcih4qhnq01,,QAS-PRI
CCQ,,gciccqcsq01,,QAS-PRI
CCQ,,gciccqcsq02,,QAS-PRI
OCQ,,gciocqhnq01,,QAS-PRI
LTQ,,gciltqaiq01,,QAS-PRI
SUQ,,gcisuqhnq01,,QAS-PRI
EMQ,,gciemqaiq01,,QAS-PRI
EMQ,,gciemqaiq02,,QAS-PRI
GRQ,,gcigrqaiq01,,QAS-PRI
ASQ,,gciasqaiq01,,QAS-PRI
CMQ,,gcicmqpcq01,,QAS-PRI
CMQ,,gcicmqecq01,,QAS-PRI
CMQ,,gcicmqecq02,,QAS-PRI
WDQ,,gciwdqaiq01,,QAS-PRI
S4S,,gcis4sens01,,STG-ENS-PRI
S4S,,gcis4sers02,,STG-ERS-PRI
S4S,,gcis4sais03,,STG-PAS-PRI
S4S,,gcis4sais04,,STG-AAS-PRI
H4S,,gcih4shns01,,STG-DB-PRI
H4S,,gcih4shns02,,STG-DB-SEC
H4S,,gcih4shnf03,,STG-DB-DR
CCS,,gciccscss01,,STG-PRI
CCS,,gciccsais03,,STG-PRI
CCS,,gciccscss02,,STG-PRI
CCS,,gciccscsf01,,STG-DR
CCS,,gciccscsf02,,STG-DR
CCS,,gciccscsf03,,STG-DR
OCS,,gciocshns01,,STG-PRI
EMS,,gciemsais01,,STG-PRI
EMS,,gciemsais02,,STG-PRI
CMS,,gcicmspcs01,,STG-PRI
CMS,,gcicmspcs02,,STG-PRI
CMS,,gcicmsecs01,,STG-PRI
CMS,,gcicmsecs02,,STG-PRI
CMS,,gcicmsecf01,,STG-DR
CMS,,gcicmspcf01,,STG-DR
S4P,,gcis4penp01,,PROD-ENS-PRI
S4P,,gcis4perp02,,PROD-ERS-PRI
S4P,,gcis4paip03,,PROD-PAS-PRI
S4P,,gcis4paip04,,PROD-AAS-PRI
H4P,,gcih4phnp01,,PROD-DB-PRI
H4P,,gcih4phnp02,,PROD-DB-SEC
H4P,,gcih4phnf03,,PROD-DB-DR
S4P,,gcis4paif02,,PROD-PAS-DR
S4P,,gcis4penf01,,PROD-ENS-DR
S4P,,gcis4paif03,,PROD-AAS-DR
CCP,,gciccpcsp01,,PROD-PRI
CCP,,gciccpcsp02,,PROD-PRI
CCP,,gciccpaip03,,PROD-PRI
CCP,,gciccpcsf02,,PROD-DR
CCP,,gciccpcsf01,,PROD-DR
CCP,,gciccpcsf03,,PROD-DR
OCP,,gciocphnp01,,PROD-PRI
OCP,,gciocphnp02,,PROD-PRI
OCP,,gciocphnf03,,PROD-DR
ASP,,gciaspenp01,,PROD-ENS-PRI
ASP,,gciasperp02,,PROD-ERS-PRI
ASP,,gciaspaip03,,PROD-PAS-PRI
ASP,,gciaspaip04,,PROD-AAS-PRI
ASP,,gciaspenf01,,PROD-ENS-DR
ASP,,gciaspaif02,,PROD-PAS-DR
LTP,,gciltpenp01,,PROD-ENS-PRI
LTP,,gciltperp02,,PROD-ERS-PRI
LTP,,gciltpaip03,,PROD-PAS-PRI
LTP,,gciltpaip04,,PROD-AAS-PRI
HLP,,gcihlphnf03,,PROD-DB-DR
LTP,,gciltpenf01,,PROD-ENS-DR
LTP,,gciltpaif02,,PROD-PAS-DR
SUP,,gcisuphnp01,,PROD-DB-PRI
SUP,,gcisuphnp02,,PROD-DB-SEC
EMP,,gciempenp01,,PROD-ENS-PRI
EMP,,gciemperp02,,PROD-ERS-PRI
EMP,,gciempaip03,,PROD-PAS-PRI
EMP,,gciempaip04,,PROD-AAS-PRI
HGP,,gcihgphnf03,,PROD-DB-DR
GRP,,gcigrpenf01,,PROD-ENS-DR
GRP,,gcigrpaif02,,PROD-PAS-DR
GRP,,gcigrpenp01,,PROD-ENS-PRI
GRP,,gcigrperp02,,PROD-ERS-PRI
GRP,,gcigrpaip03,,PROD-PAS-PRI
GRP,,gcigrpaip04,,PROD-AAS-PRI
CMP,,gcicmppcp01,,PROD-PRI
CMP,,gcicmpecp01,,PROD-PRI
CMP,,gcicmpecp02,,PROD-PRI
CMP,,gcicmpecf02,,PROD-DR
CMP,,gcicmppcf01,,PROD-DR
WDP,,gciwdpaip01,,PROD-APP1-PRI
WDP,,gciwdpaip02,,PROD-APP2-PRI
WDP,,gciwdpaif01,,PROD-APP1-DR
CPP,,gcicppaip01,,PROD-PRI
CPP,,gcicppaip02,,PROD-PRI
CPP,,gcicppaif01,,PROD-DR
HPP,,gcihpphnp01,,PROD-Ckpt-PRI
HPP,,gcihpphnf01,,PROD-Ckpt-DR
RTP,,gcirtpaip01,,PROD-rtr-PRI
SUP,,gcisuphnf03,,PROD-DB-DR
EHX,,gciehxhnx01,,SBX-PRI
EHD,,gciehdhnd01,,DEV-PRI
BOD,,gcibodaid01,,DEV-PRI
EHQ,,gciehqhnq01,,QAS-PRI
EHS,,gciehshns01,,STG-DB-PRI
EHP,,gciehphnp01,,PROD-DB-PRI
EHP,,gciehphnf01,,PROD-DB-DR
BOQ,,gciboqaiq01,,QAS-PRI
EHS,,gciehshnf01,,STG-DB-DR
BOS,,gcibosais01,,STG-APP1-PRI
BOS,,gcibosais02,,STG-APP2-PRI
BOP,,gcibopaip01,,PROD-APP1-PRI
BOP,,gcibopaip02,,PROD-APP1-PRI
BOS,,gcibosais03,,STG-APP3-PRI
BOS,,gcibosais04,,STG-APP4-PRI
BOS,,gcibosais05,,STG-APP5-WIN
OCS,,gciocshns02,,STG-PRI
OCS,,gciocshnf03,,STG-DR
SUS,,gcisushns02,,STG-DB-SEC
S4S,,gcis4saif02,,STG-PAS-DR
S4S,,gcis4senf01,,STG-ENS-DR
S4S,,gcis4saif03,,STG-AAS-DR
CMS,,gcicmspcf01,,STG-DR
LTS,,gciltsens01,,STG-ENS-PRI
LTS,,gciltsers02,,STG-ERS-PRI
LTS,,gciltsais03,,STG-PAS-PRI
LTS,,gciltsais04,,STG-PAS-PRI
LTS,,gciltsenf01,,STG-ENS-DR
LTS,,gciltsaif02,,STG-PAS-DR
GRS,,gcigrsens01,,STG-ENS-PRI
GRS,,gcigrsers02,,STG-ERS-PRI
GRS,,gcigrsais03,,STG-PAS-PRI
GRS,,gcigrsais04,,STG-PAS-PRI
GRS,,gcigrsenf01,,STG-ENS-DR
GRS,,gcigrsaif02,,STG-PAS-DR
ASS,,gciassens01,,STG-ENS-PRI
ASS,,gciassers02,,STG-ERS-PRI
ASS,,gciassais03,,STG-PAS-PRI
ASS,,gciassais04,,STG-PAS-PRI
ASS,,gciassenf01,,STG-ENS-DR
ASS,,gciassaif02,,STG-PAS-DR
BOQ,,gciboqaiq02,,QAS-PRI
BOQ,,gciboqaiq03,,QAS-PRI
BOP,,gcibopaip03,,PROD-APP3-PRI
BOP,,gcibopaip04,,PROD-APP3-PRI
BOP,,gcibopaip05,,PROD-APP4-PRI
BOD,,gcibodaid02,,DEV-PRI
