SID,hostname,user,IP,command,password,client
S4X,gcis4xaix01,DDIC,,-user=DEL089 -pw=Deloitte@123 -client=200 -maxgui,lxWHC6RZM8QS,000
S4D,gcis4daid01,DDIC,,,lxWHC6RZM8QS,000
H4D,gcih4dhnd01,DDIC,,-user=MAARAVIND -pw=Deloitte@123 -client=120 -maxgui,90g6T7eHOJPYjS,000
LTD,gciltdaid01,DDIC,,,90g6T7eHOJPYjS,000
EMD,gciemdaid01,DDIC,,-user=MAARAVIND -pw=Deloitte@123 -client=200 -maxgui,90g6T7eHOJPYjS,000
GRD,gcigrdaid01,DDIC,,-user=MAARAVIND -pw=Deloitte@123 -client=100 -maxgui,90g6T7eHOJPYjS,000
ASD,gciasdaid01,DDIC,,-user=MAARAVIND -pw=Deloitte@567 -client=100 -maxgui,90g6T7eHOJPYjS,000
CMD,gcicmdpcd01,DDIC,,-user=MAARAVIND -pw=Deloitte@123 -client=100 -maxgui,90g6T7eHOJPYjS,000
CMD,gcicmdecd01,DDIC,,,90g6T7eHOJPYjS,000
CPD,gcicpdaid01,DDIC,,,90g6T7eHOJPYjS,000
S4Q,gcis4qaiq01,DDIC,,,lxWHC6RZM8QS,000
S4Q,gcis4qaiq02,DDIC,,,lxWHC6RZM8QS,000
H4Q,gcih4qhnq01,DDIC,,,90g6T7eHOJPYjS,000
LTQ,gciltqaiq01,DDIC,,,90g6T7eHOJPYjS,000
EMQ,gciemqaiq01,DDIC,,,90g6T7eHOJPYjS,000
EMQ,gciemqaiq02,DDIC,,,90g6T7eHOJPYjS,000
GRQ,gcigrqaiq01,DDIC,,,90g6T7eHOJPYjS,000
ASQ,gciasqaiq01,DDIC,,,90g6T7eHOJPYjS,000
S4S,gcis4sais03,DDIC,,,lxWHC6RZM8QS,000
S4S,gcis4sais04,DDIC,,,lxWHC6RZM8QS,000
EMS,gciemsais01,DDIC,,,90g6T7eHOJPYjS,000
EMS,gciemsais02,DDIC,,,90g6T7eHOJPYjS,000
S4P,gcis4paip03,DDIC,,,lxWHC6RZM8QS,000
S4P,gcis4paip04,DDIC,,,lxWHC6RZM8QS,000
S4P,gcis4paif02,DDIC,,,lxWHC6RZM8QS,000
S4P,gcis4paif03,DDIC,,,lxWHC6RZM8QS,000
ASP,gciaspaip03,DDIC,,,90g6T7eHOJPYjS,000
ASP,gciaspaip04,DDIC,,,90g6T7eHOJPYjS,000
ASP,gciaspaif02,DDIC,,,90g6T7eHOJPYjS,000
LTP,gciltpaip03,DDIC,,,90g6T7eHOJPYjS,000
LTP,gciltpaip04,DDIC,,,90g6T7eHOJPYjS,000
LTP,gciltpaif02,DDIC,,,90g6T7eHOJPYjS,000
EMP,gciempaip03,DDIC,,,90g6T7eHOJPYjS,000
EMP,gciempaip04,DDIC,,,90g6T7eHOJPYjS,000
HGP,gcihgphnf03,DDIC,,,90g6T7eHOJPYjS,000
GRP,gcigrpaif02,DDIC,,,90g6T7eHOJPYjS,000
GRP,gcigrpaip03,DDIC,,,90g6T7eHOJPYjS,000
GRP,gcigrpaip04,DDIC,,,90g6T7eHOJPYjS,000
CPP,gcicppaip01,DDIC,,,90g6T7eHOJPYjS,000
CPP,gcicppaip02,DDIC,,,90g6T7eHOJPYjS,000
CPP,gcicppaif01,DDIC,,,90g6T7eHOJPYjS,000
HPP,gcihpphnp01,DDIC,,,90g6T7eHOJPYjS,000
HPP,gcihpphnf01,DDIC,,,90g6T7eHOJPYjS,000
RTP,gcirtpaip01,DDIC,,,90g6T7eHOJPYjS,000
EHQ,gciehqhnq01,DDIC,,,90g6T7eHOJPYjS,000
EHS,gciehshns01,DDIC,,,90g6T7eHOJPYjS,000
EHP,gciehphnp01,DDIC,,,90g6T7eHOJPYjS,000
EHP,gciehphnf01,DDIC,,,90g6T7eHOJPYjS,000
EHS,gciehshnf01,DDIC,,,90g6T7eHOJPYjS,000
OCS,gciocshns02,DDIC,,,90g6T7eHOJPYjS,000
OCS,gciocshnf03,DDIC,,,90g6T7eHOJPYjS,000
SUS,gcisushns02,DDIC,,,90g6T7eHOJPYjS,000
S4S,gcis4saif02,DDIC,,,lxWHC6RZM8QS,000
S4S,gcis4saif03,DDIC,,,lxWHC6RZM8QS,000
CMS,gcicmspcf01,DDIC,,,90g6T7eHOJPYjS,000
LTS,gciltsais03,DDIC,,,90g6T7eHOJPYjS,000
LTS,gciltsais04,DDIC,,,90g6T7eHOJPYjS,000
LTS,gciltsaif02,DDIC,,,90g6T7eHOJPYjS,000
GRS,gcigrsais03,DDIC,,,90g6T7eHOJPYjS,000
GRS,gcigrsais04,DDIC,,,90g6T7eHOJPYjS,000
GRS,gcigrsaif02,DDIC,,,90g6T7eHOJPYjS,000
ASS,gciassais03,DDIC,,,90g6T7eHOJPYjS,000
ASS,gciassais04,DDIC,,,90g6T7eHOJPYjS,000
ASS,gciassaif02,DDIC,,,90g6T7eHOJPYjS,000
