SID,command
LD1,-user=JOBADMIN -system=LD1 -pw=login@2017x -client=000 -maxgui
LQ2,-user=JOBADMIN -system=LQ2 -pw=login@2017x -client=000 -maxgui
LS3,-user=JOBADMIN -system=LS3 -pw=login@2017x -client=000 -maxgui
AD1,-user=JOBADMIN -system=AD1 -pw=login@2017x -client=200 -maxgui
SP1,"-system=SP1 -user=ARMATHI -snc_name=p/secude:CN=sapdcina.adc.corpintra.net, O=Daimler AG, C=DE"
SQ2,"-system=SQ2 -user=ARMATHI -snc_name=p/secude:CN=sadcb128.adc.corpintra.net, O=Daimler AG, C=DE"
ST2,"-system=ST2 -user=ARMATHI -snc_name=p/secude:CN=sadcb616.adc.corpintra.net, O=Daimler AG, C=DE"
V01,-system=V01 -user=ARMATHI  -snc_name=p/secude:CN=A128_s_SAP-V01
Q01,#NAME?
P01,#NAME?
SAR,-user=BASISADMIN -system=QAR -pw=Feb2017# -client=000 -maxgui
QAR,-user=BASISADMIN -system=SAR -pw=Feb2017# -client=000 -maxgui
DAR,-user=BASISADMIN -system=DAR -pw=Feb2017# -client=000 -maxgui
AQ2,-user=JOBADMIN -system=AQ2 -pw=login@2017x -client=000 -maxgui
FD1,-user=JOBADMIN -system=FD1 -pw=login@2017x -client=900 -maxgui
FQ2,-user=ARMATHI -system=FQ2 -pw=Login@2019x -client=900 -maxgui
BWD,#NAME?
BWQ,#NAME?
