SID,url
S4H,https://10.120.141.11:8002/sap/bc/ui2/flp?sap-client=200&sap-language=EN#Shell-home
DIR,http://a133dircidb.cn.isn.corpintra.net:50000
QIR,http://a133qircidb.cn.isn.corpintra.net:50000
PIR,http://a133pircidb.cn.isn.corpintra.net:50000
PS3,https://a128ps3hcidb.apac.bg.corpintra.net:50101
PD1,https://a128pd1hcidb.apac.bg.corpintra.net:50301
PQ2,https://a128pq2hcidb.apac.bg.corpintra.net:50501
PP3,https://a128pp3hcidb.adc.corpintra:50101
OPM,https://team.apac.sp.wp.corpintra.net/sites/01684/do/Projects/Projects400/Forms/AllItems.aspx?RootFolder=%2Fsites%2F01684%2Fdo%2FProjects%2FProjects400%2FP0438%2F100%2DPlan%2FArchitecture�
PID,http://dadcb0000077.apac.bg.corpintra.net:50100/
PIQ,http://dadcb0000077.apac.bg.corpintra.net:50300/
PIP,http://sadcb0000172.apac.bg.corpintra.net:50100/startPage
pq2,Administrator:fD7Y{pA%(Z=1hbj
frq,https://a128wbqcidb.apac.bg.corpintra.net/d2sflp.html
frq,https://a128wbqcidb.apac.bg.corpintra.net/index.html
frq,https://a128frqcidb.apac.bg.corpintra.net:44303/sap/bc/ui2/flp� 
boq,http://a128boqcidb.apac.bg.corpintra.net:8080/BOE/CMC
fd1,https://dadcb0000044.apac.bg.corpintra.net:44300/sap/bc/ui2/flp
fq2,https://dadcb0000034.apac.bg.corpintra.net:44300/sap/bc/ui2/flp
fg3,https://sadcb0000104.apac.bg.corpintra.net:44300/sap/bc/ui2/flp
fq2,https://d2sqv.i.mitsubishi-fuso.com/sap/bc/ui2/flp
fg3,https://d2sp.i.mitsubishi-fuso.com/sap/bc/ui2/flp 
bop,http://a128bopcidb.apac.bg.corpintra.net:8080/BOE/CMC
sharepoint,https://team.apac.sp.wp.corpintra.net/sites/07365/Services/SAPServices/Lists/FORCE%205SC%20Go%20Live%20Preparation%20Activities/AllItems.aspx#InplviewHash16639b4e-820c-4d1d-8852-7de12a9f83c7=CascDelWarnMessage%3D1-SortField%3DOrder-SortDir%3DAsc 
jdp,http://a128jdpapp.apac.bg.corpintra.net:50100
